Date,Price,Open,High,Low,Volume,ChangePct
2024-11-26,24192.95,24343.30,24335.55,24130.40,230.69M,-0.12
2024-11-25,24221.90,24253.55,24351.55,24135.45,687.17M,1.32
2024-11-22,23907.25,23411.80,23956.10,23359.00,367.56M,2.39
2024-11-21,23349.90,23488.45,23507.30,23263.15,420.33M,-0.72
2024-11-19,23518.50,23529.55,23780.65,23464.80,297.48M,0.28
2024-11-18,23453.80,23605.30,23606.80,23350.40,263.31M,-0.34
2024-11-14,23532.70,23542.15,23675.90,23484.15,257.71M,-0.11
2024-11-13,23559.05,23822.45,23873.60,23509.60,304.57M,-1.36
2024-11-12,23883.45,24225.80,24242.00,23839.15,255.83M,-1.07
2024-11-11,24141.30,24087.25,24336.80,24004.60,273.37M,-0.03
2024-11-08,24148.20,24207.70,24276.15,24066.65,298.72M,-0.21
2024-11-07,24199.35,24489.60,24503.35,24179.05,322.19M,-1.16
2024-11-06,24484.05,24308.75,24537.60,24204.05,351.08M,1.12
2024-11-05,24213.30,23916.50,24229.05,23842.75,289.51M,0.91
2024-11-04,23995.35,24315.75,24316.75,23816.15,285.53M,-1.27
2024-11-01,24304.35,24302.75,24368.25,24280.20,38.81M,0.41
2024-10-31,24205.35,24349.85,24372.45,24172.60,287.01M,-0.56
2024-10-30,24340.85,24371.45,24498.20,24307.30,285.20M,-0.51
2024-10-29,24466.85,24328.85,24484.50,24140.85,332.04M,0.52
2024-10-28,24339.15,24251.10,24492.60,24134.90,278.56M,0.65
